GSM_ID,Factor,Biosource,GIGGLE_score
GSM1032641,NFE2,Epithelium;Liver,1633.6738202374524
ENCSR982LJQ_2,EP300,Liver,1284.6311009810859
GSM1032638,NFE2,Epithelium;Liver,1121.1333170670587
ENCSR982LJQ_1,EP300,Liver,1093.1890884421173
GSM923576,TAL1,G1E-ER4;Erythroid Cell,1064.291697700852
GSM746571,TAL1,G1E-ER4;Erythroid Cell,915.141318946465
GSM1151147,NFE2,Erythroblast;Fetal Liver,886.9112666855502
GSM746583,TAL1,Erythroblast;Fetal Liver,864.5865258034323
GSM923582,TAL1,Erythroid Cell;Fetal Liver,839.7191694721124
GSM897224,GATA1,G1E-ER4;Erythroid Cell,837.6608299086715
GSM867160,GATA1,Erythroid Progenitor Cell;Blood,824.8250640083716
GSM453997,GATA1,G1E;Erythroid progenitor,806.1165581812352
GSM867159,GATA1,Erythroid Progenitor Cell;Blood,790.8043413582842
GSM746572,TAL1,G1E-ER4;Erythroid Cell,738.4397797416291
GSM746568,GATA1,G1E-ER4;Erythroid Cell,713.9188755996008
GSM923575,GATA1,Erythroid Cell;Fetal Liver,704.6776490978958
GSM746581,GATA1,Erythroblast;Fetal Liver,704.6776490978958
GSM746584,TAL1,Erythroblast;Fetal Liver,680.9460223377624
GSM867158,GATA1,Erythroid Progenitor Cell;Blood,642.718602715865
GSM923572,GATA1,G1E-ER4;Erythroid Cell,628.6111535072162
GSM1689032,TAL1,G1E-ER4;Erythroid Cell,625.5252575075452
GSM1689018,GATA1,G1E-ER4;Erythroid Cell,625.4752252126178
GSM995448,GATA1,G1E-ER4;Erythroid Cell,621.1420884600573
ENCSR765RPR_1,EP300,Liver,617.5045096241764
GSM1144556,TAL1,MEL;Erythroid Progenitor Cell,604.5223660426852
GSM1692855,LMO2,Hematopoietic progenitors,581.5498483847621
GSM1692858,TAL1,Hematopoietic progenitors,575.8125264656452
GSM995449,GATA1,G1E-ER4;Erythroid Cell,575.7715191506479
GSM2076704,NFE2L2,C2C12;Myoblast;Muscle,572.3747003394719
GSM1218225,GATA1,FDCPmix;Hematopoietic Stem Cell;Bone Marrow,571.448849742207
GSM746582,GATA1,Erythroblast;Fetal Liver,566.1179138953797
GSM1051274,LDB1,Bone Marrow,552.3348878005813
GSM1051275,TAL1,Bone Marrow,546.0504145997082
GSM1003808,GATA1,MEL;Erythroid Progenitor Cell,545.6663269292537
GSM1689028,TAL1,G1E-ER4;Erythroid Cell,542.8837444769132
GSM464634,TAL1,Erythroblast;Liver,536.7917989077732
GSM1003806,MAFK,MEL;Erythroid Progenitor Cell,521.2449409568778
GSM1532603,GATA1,G1E;Erythroid progenitor,520.4047782783383
GSM995444,GATA1,G1E-ER4;Erythroid Cell,511.065386386916
GSM1532602,GATA1,G1E;Erythroid progenitor,508.96024025362397
GSM923578,TAL1,MEL;Erythroid Progenitor Cell,508.3157411979229
GSM1003791,NFE2L2,MEL;Erythroid Progenitor Cell,496.00812579464974
GSM2665580,TAL1,Embryonic Stem Cell,489.83811022843895
ENCSR765RPR_2,EP300,Liver,484.52132141709063
GSM1543575,TAL1,Mesodermal Cell,477.3004444575866
GSM1144547,TAL1,J1;Embryonic Stem Cell;Embryo,432.32280211023766
GSM2431711,TAL1,Mesodermal Cell,417.48693971338923
GSM641910,TAL1,Bone Marrow,409.5978717997458
GSM912921,EP300,MEL;Erythroid Progenitor Cell,400.5279508853387
GSM1359841,TAL1,J1;Embryonic Stem Cell;Embryo,389.581837394548
GSM464636,TAL1,Erythroblast;Liver,387.86887404266366
GSM1689029,TAL1,G1E-ER4;Erythroid Cell,375.84390409117486
GSM2346452,EP300,Embryo,374.6422015840969
GSM2366496,NRF1,MEFs;Fibroblast,371.2673551369577
GSM1144548,TAL1,J1;Embryonic Stem Cell;Embryo,366.6748676562701
GSM1689011,GATA1,G1E-ER4;Erythroid Cell,366.33562748407144
GSM2366495,NRF1,MEFs;Fibroblast,358.9712027838311
GSM1517428,GATA1,G1ME;Megakaryocyte;Bone Marrow,355.58089404478517
GSM1051276,GATA1,Bone Marrow,343.6129040354873
GSM1055553,LDB1,Hemangioblast;Embryo,341.1241679546326
GSM1532605,GATA1,G1E;Erythroid progenitor,332.7639343532088
GSM995443,GATA1,G1E-ER4;Erythroid Cell,327.2773171869216
GSM2332774,BACH2,Progenitor Cells,324.9947081192312
GSM2332775,BACH2,Progenitor Cells,318.47420788270284
GSM1144552,TAL1,Mesodermal Cell,316.21609939104303
GSM1944624,NFE2L2,Macrophage,314.3516625881396
GSM989024,TAL1,Hematopoietic Cell,310.91289953611346
GSM995445,GATA1,G1E-ER4;Erythroid Cell,309.9563385428844
GSM746555,TAL1,G1E;Erythroid progenitor,309.51547436719227
GSM923579,TAL1,G1E;Erythroid progenitor,305.02014987156036
GSM2346453,EP300,Embryo,296.14439739524033
GSM1689021,TAL1,G1E;Erythroid progenitor,292.3726143092636
GSM995442,GATA1,G1E-ER4;Erythroid Cell,290.1948111273927
GSM1003777,ETS1,MEL;Erythroid Progenitor Cell,289.60734876668687
GSM722388,SMAD1,G1E;Erythroid progenitor,287.2477299967773
GSM1940054,GATA1,Embryoid Bodies;Blood,285.7705716731348
GSM1692842,LMO2,Hemangioblast,285.4797327907398
GSM2431713,TAL1,Mesodermal Cell,284.8939755759898
GSM995447,TAL1,Megakaryocyte;Blood,284.52859471225486
GSM1689014,GATA1,G1E-ER4;Erythroid Cell,282.39247923874973
GSM2366497,NRF1,MEFs;Fibroblast,281.4182890790548
GSM1689022,TAL1,G1E;Erythroid progenitor,281.0256099654609
GSM1689012,GATA1,G1E-ER4;Erythroid Cell,279.3175425907495
GSM1689025,TAL1,G1E-ER4;Erythroid Cell,276.5656264734044
GSM777092,GATA1,G1ME;Megakaryocyte;Bone Marrow,267.94210976136975
GSM1568620,GATA1,G1ME;Megakaryocyte;Bone Marrow,267.94210976136975
GSM872893,GATA1,G1ME;Megakaryocyte;Bone Marrow,267.94210976136975
GSM746556,TAL1,G1E;Erythroid progenitor,266.0739596294001
GSM641909,LDB1,Haematopoietic Progenitor Cell;Bone Marrow,255.58201198896998
GSM722387,GATA2,G1E;Erythroid progenitor,254.41316485334926
GSM1944628,NFE2L2,Macrophage,247.4463518093972
GSM912899,MAFK,MEL;Erythroid Progenitor Cell,247.21832031213162
GSM1692853,GFI1,Hematopoietic progenitors,246.173421330812
GSM1692843,TAL1,Hemangioblast,245.82901980532188
GSM832319,RUNX1,L8057;Megakaryocyte;Bone Marrow,240.3809243581821
GSM2096642,STAT5A,Ba/F3;B Lymphocyte,238.31896133882896
GSM1708658,TAL1,416B;Myeloid Progenitor Cell;Blood,238.25185425372862
GSM1692848,TAL1,Embryonic Stem Cell,237.8590802553193
GSM912907,GATA1,MEL;Erythroid Progenitor Cell,236.4727359691486
GSM1568621,GATA1,G1ME;Megakaryocyte;Bone Marrow,235.51025024610698
GSM2346454,EP300,Embryo,234.31583882067486
GSM867157,GATA1,Erythroid Progenitor Cell;Blood,231.5826736152267
GSM1689016,GATA1,G1E-ER4;Erythroid Cell,223.10306155469596
GSM832320,RNF2,L8057;Megakaryocyte;Bone Marrow,221.6800493587267
GSM832317,RNF2,L8057;Megakaryocyte;Bone Marrow,219.65022764650055
GSM1167583,TAL1,Mast Cell;Bone Marrow,208.77980049291125
GSM1003809,MAFK,Embryonic Stem Cell;Embryo,204.30531080144507
GSM2096643,STAT5A,Ba/F3;B Lymphocyte,201.00284222875197
GSM867156,GATA1,Erythroid Progenitor Cell;Blood,199.93350468056667
GSM1833630,KLF1,Erythroblast,198.37134044508772
GSM1120740,BACH2,T Lymphocyte;Blood,193.27493352553557
GSM872894,ZFPM1,G1ME;Megakaryocyte;Bone Marrow,189.72850593038186
GSM1151146,GATA1,Erythroblast;Fetal Liver,189.00862920691415
GSM2212313,NFE2L2,Macrophage;Bone Marrow,186.2448067244713
GSM1517429,GATA1,G1ME;Megakaryocyte;Bone Marrow,183.9772218743721
GSM1036273,NFE2,Megakaryocyte,179.64690737198674
GSM1692846,LMO2,Embryonic Stem Cell,177.84798582322415
GSM1517430,GATA1,G1ME;Megakaryocyte;Bone Marrow,173.84864256539336
GSM1167575,TCF7L1,Mast Cell;Bone Marrow,165.07416266321837
GSM1167573,TCF7L1,HPC-7;Haematopoietic Progenitor Cell,160.58588293216482
GSM912893,EP300,MEL;Erythroid Progenitor Cell,159.67790454234947
GSM989019,TAL1,Endothelial Cell,156.3199830851561
GSM912915,JUND,MEL;Erythroid Progenitor Cell,155.2983019964637
GSM832313,RNF2,L8057;Megakaryocyte;Bone Marrow,151.21838414448533
GSM777091,GATA2,G1ME;Megakaryocyte;Bone Marrow,147.01043878191103
GSM2702912,STAT1,HPC-7;Progenitor Cells,146.70342125752776
GSM912898,MAFK,CH12;Lymphoblastoid;Blood,145.96846267028215
GSM1167579,LMO2,Mast Cell;Bone Marrow,128.92128826773433
GSM989018,TAL1,Endothelial Cell,128.90048675025827
GSM915182,FOSL2,C2C12;Myoblast;Muscle,128.51448185093122
GSM552242,TAL1,HPC-7;Haematopoietic Progenitor Cell,126.62139789242006
GSM2212311,NFE2L2,Macrophage;Bone Marrow,126.20261877501423
GSM1833632,KLF1,Erythroblast,125.46273116242693
GSM1708652,GATA2,416B;Myeloid Progenitor Cell;Blood,122.96357375186469
GSM904767,STAT5B,T Lymphocyte;Spleen,119.89588283606977
GSM904766,STAT5A,T Lymphocyte;Spleen,119.18480670507988
GSM2055715,STAT5,T Lymphocyte,118.09706710753099
GSM494694,STAT3,T Lymphocyte;Blood,115.59653973677612
GSM2734693,STAT5B,T Lymphocyte;Spleen,114.83084206323977
GSM904761,STAT5B,T Lymphocyte;Spleen,105.96163777502468
GSM832311,RUNX1,L8057;Megakaryocyte;Bone Marrow,105.85493097008276
GSM1218224,GATA2,FDCPmix;Hematopoietic Stem Cell;Bone Marrow,105.36522898557692
GSM1324615,KLF4,CGR8;Embryonic Stem Cell;Embryo,105.09842571334214
GSM1132365,ERG,Blood,104.9743174137806
GSM2091496,TEAD4,Hemogenic Endothelium,103.5099273371928
GSM552234,GATA2,HPC-7;Haematopoietic Progenitor Cell,101.74551799162836
GSM552237,LMO2,HPC-7;Haematopoietic Progenitor Cell,100.37473943576641
GSM1547779,BACH2,T Lymphocyte;Spleen,100.32072653480076
GSM832316,CBFB,L8057;Megakaryocyte;Bone Marrow,99.46257741647163
GSM1708654,LYL1,416B;Myeloid Progenitor Cell;Blood,97.94530993383462
GSM1132367,ERG,Blood,97.49670308193345
GSM671389,STAT5A,T Lymphocyte;Lymph Node,96.83225836475374
GSM904760,STAT5A,T Lymphocyte;Spleen,96.41822845041736
GSM558904,GATA4,HL-1;Cardiomyocyte;Muscle,95.35203076261604
GSM1944622,NFE2L2,Macrophage,95.12807080597536
GSM1394996,GATA4,Embryonic Fibroblast,93.96751472047009
GSM1004863,STAT3,Th17,93.48912904960657
GSM2096646,KDM1A,Ba/F3;B Lymphocyte,93.37424324467341
GSM2538526,IRF4,Th2,93.21755914850708
GSM2055709,STAT5,T Lymphocyte,91.21901173573411
GSM2055711,STAT5,T Lymphocyte,89.86249900946902
GSM1103355,RUNX1,Megakaryocyte,89.80464729192917
GSM978757,STAT3,T Lymphocyte;Blood,88.79567397249045
GSM1439550,MED1,iPSC,88.70959626339355
GSM923587,GATA2,G1E;Erythroid progenitor,88.6210084502332
GSM2734696,STAT5B,T Lymphocyte;Spleen,88.16107579953652
GSM1167585,FOS,Mast Cell;Bone Marrow,87.32475698267163
GSM1529923,GATA6,Keratinocyte,86.33876902691091
GSM1439567,MED1,V6.5;Embryonic Stem Cell;Embryo,86.06104281605204
GSM2037064,POLR2A,P19;embryonic teratoma,85.16284677830862
GSM552241,RUNX1,HPC-7;Haematopoietic Progenitor Cell,84.96850861345744
GSM2412761,CBFB,Liver cell;Fetal Liver,84.25929052874177
GSM912928,MXI1,MEL;Erythroid Progenitor Cell,83.99716054364312
GSM1529924,GATA6,Keratinocyte,83.86638703298762
GSM832315,RUNX1,L8057;Megakaryocyte;Bone Marrow,83.74751210018029
GSM1062365,JUND,Striatal Cell,82.20913109401411
GSM1004846,EP300,Th17,82.0520136954501
GSM923589,POLR2A,G1E;Erythroid progenitor,82.05102941635235
GSM1448833,KDM1A,MEL;Erythroid Progenitor Cell,81.59072940088099
GSM1865310,STAT5,T Lymphocyte,81.214814124186
GSM671390,STAT5B,T Lymphocyte;Lymph Node,80.85935580817583
GSM1439552,MED1,iPSC,80.30339146876743
GSM2055708,STAT5,T Lymphocyte,79.6640205815038
GSM2734688,STAT3,T Lymphocyte;Spleen,79.25893513989571
GSM1816606,STAT5,HPC-7;Myeloid Progenitor Cell,79.01940688757944
GSM494695,STAT3,T Lymphocyte;Blood,79.00641189462081
GSM912903,MYB,MEL;Erythroid Progenitor Cell,78.59630839473239
GSM1004864,STAT3,Th17,77.00389301227744
GSM2734695,STAT5B,T Lymphocyte;Spleen,76.53021584446451
GSM2055717,STAT5,T Lymphocyte,76.3608204512937
GSM1038261,MED1,ZhBTc4;Embryonic Stem Cell;Embryo,76.03578480263297
GSM1234370,STAT5B,Th9;Spleen,75.97513043523018
GSM1944620,NFE2L2,Macrophage,75.24281013055663
GSM1062363,FOSL2,Striatal Cell,73.452426162109
GSM1574787,RUNX1,Embryonic Stem Cell,72.37705575375315
GSM2197849,POLR2A,G1E;Erythroid progenitor,71.7547038335904
GSM2197853,POLR2A,G1E;Erythroid progenitor,71.56861466008631
GSM912927,POLR2A,MEL;Erythroid Progenitor Cell,71.47656111953432
GSM881097,MAFF,Dendritic Cell;Bone Marrow,71.0538747496681
GSM494696,STAT3,T Lymphocyte;Blood,70.73493905196216
